{
    "loss": 0.9876351952552795,
    "accuracy": 0.818965494632721
}